{
	"camera" : {
		"H" : 15.4,
		"W" : 23.1,
		"F" : 35,
		"h" : 1542,
		"w" : 2322
	},
	"distorsion" : {
		"a" : -0.228116,
		"b" : 0.034905,
		"c" : 1.012672
	},
	"vignetting" : "nikon_35_1.8.vignetting.npz"
}


